,BLOCK_NUMBER,ETH_FROM_ADDRESS,AMOUNT,TX_HASH,ENS
41,17343825,0x00c980f967b3e94e471c94d226da998e1eb55a33,0.1,0x7f69f09cc1e92883de8a6bf46d260d1cd973d907024552b7ddef6ec90e30d417,nealio.eth
38,17343805,0x986e92868a27548a31e88f7692e746cd7e86f39a,0.1,0x90a23735771b6653973f9ea9a7397fdfd81132551ef5fc91ab5815ad6d370bfc,changethegame.eth
27,17343549,0x59975dfe25845bf9c0eff1102ac650599c3f491a,0.05,0xbbfc86712bcb3b312b43d144692ed1d425ebf9c2584eaa7aec9e1ce6071cdddf,cryptopeerani.eth
17,17343240,0xd4be42ffe0e8896a6246b97b5df508588735f756,0.2,0x91140c51a9ff3a36935d0ccaa1addb0987eb621ce9f6cd9c8cfa43a1a929842c,shivamgupta.eth
32,17343749,0x31e40c0ad5560ead5140138d811b30bd0864d28e,0.00990009156,0x350ba5974126b544334b6241d15ab3d625ae2e7a0b36802900add3d31c94b288,kr4m.eth
11,17343218,0x5fbc5d5d143e68b530ad75a4826ad3bc8add6a40,0.5,0x58eddd1892ca16d99d537dd3ac307f50fba95b7dcbbf1b06463ec65f43dbb44c,cuminsider.eth
1,17343200,0x2cedb1c02cfbfcf672191af4f22d063b01751dd0,0.05,0xd3cbdc9811dedecc5b94f6da923d977d15237a39eceb6c355ced6035e9027531,kimjungmoon.eth
6,17343210,0xbc9abd9857250d664f5d8963115f21a46156b862,0.25,0xb31a8d7409e205724e8c725c974dbb7e3b64d633b1823cf3b7f98eb5b665bec4,duductoan.eth
60,17344363,0x9481d8bc76fb1b7d2f95733a6ec0b40d0cb1fffc,0.15,0xfa3ca3fade61911196773378b7d6b69e9f0e9fa5a3336767f97df87747242245,nftacular.eth
67,17344614,0x3c023a13bd0335f4535031f9c79fc63898a6a2b7,0.028,0x63da681a10d8396bfa2eeaced2ba81fea8573b1ec1fb0d0137c34201b420d114,81624.eth
73,17344739,0x690126d3e029844e5d640e8cc125e3e1b57186ba,0.07,0x5a12be3d8e910e49a827f266a0513c3c400d9efec52769d14fa5b7a5e82e0155,elkefe.eth
68,17344650,0x35f4cf5a023976a523e3d4821ff72720f741614f,0.032,0x933bb47fd3b2c25b61b5da13d9a752b411e56fcc371c98c8d111c510bba4cd00,degenanime.eth
71,17344676,0xd6dad5e5a6a43364413090af81e884643c8685c9,0.3532520838,0xec290c56f3e0ae20ffb2784d0d708e7628edb55fad8e345264e73934965cd9c9,nftcollectoooor.eth
74,17344747,0x7baf191cfaa4a0b08991fb728179baaf3917836a,0.111,0x07b4c85756614647c5e1ed227bf981ecf2aa99e5830456b38768e5e8f6b16a82,vanishingpoint.eth
85,17345993,0xefd558e55125baa3555c862c7f31fd6127af6cd8,0.01911516233,0x6f13ea76832b738b1f792a2d8c0d71714b901a4bdcc90f49adfd8b3e31247243,loggan.eth
87,17347441,0xec61cd3e30c611e46042cb52020444018efd0beb,0.027,0x83d54393d0c2598fd1e0ff58d213f25c1776aa9ec2c3aea2dd1f2c918f0ee222,myloveispure.eth
89,17347671,0x107a7478d00378a123f2f9b947e6213a7b38b23b,0.14,0xc1af3b69aedbe4cd3bbc8e306358eb7b07784e89b36a414e529cb65d0c343a38,lauramarie.eth
91,17347976,0x2d971977feb62637493f7519a4e4d8f37431c565,0.06057166556,0x1b5abbcab97dbff6f1de9fd9046bea2ae019d02bc5f55cf3ee96a995603e39a6,honeydropsk.eth
92,17348037,0xa0f785e3e3dd751f1f5cecb224cf39f474eed844,0.008613571776,0x522e2cd85af23e10187ca668ceace3aa5530f8022d80f02ef4dfd534cd8ad892,kevo.q00t.eth
97,17348812,0xbbfda7bd4ca9e81714dc84f828dad893ca7978f0,0.02,0x75e074dc38057641f825ad910ffeb05961622daa5f2ac88b980235c5e1e967ef,omennutjr.eth
98,17348883,0xa598deafd560353e75592ae6ab558ea90a0aefbe,0.01,0xb5a9aef6a12ccdf21e7d967164702b08302b6e91ea32e548b8613b464af309c3,aleksaarnaut.eth
104,17349995,0xd9bbb874b906888b4cc8b4a15a801e68986ae4f3,0.07521344456,0xc803ed48060d50cc5f64b8f5fc4f8f32840e6457099423933d0d19ca03c74192,haugas.eth
110,17351282,0x84774a8fc9299f088a497c49a1ecb8270d591910,0.01,0x6283344a7c07cc8fc723723bce0d8d2d653132734e64e148fba068ec5a064aca,givener.eth
117,17354930,0xac02744d1796717ab6e93264becf7086530376db,0.43,0x4a076f0daf0dc6a27ef67a1e08b367fab66f213d2a202a2c453d33cfe322759f,howies.eth
124,17355392,0x8cc84c70d7082e987c304d1b275c727c78f73351,0.3,0x240ea3899b2cd35cddd8cfb6c3dda23633af299b99cbd43769d9e01a815cadc8,ysyyds.eth
128,17356028,0x95085f69f3055acb64ac2484d250fea5fd502d33,0.005,0x2d625c1f704c1431718918d5033defc72f7991f5a22d77dac71eeaaa07ff7c12,wyrealtor.eth
137,17357733,0x3c6990c07506d47fb2705fc9df7356c635638880,0.09906,0x7522c9fbf3edc7fa532d2618a0fe57dd0695a31bcf8e9d6cfbd7e5d5839a6059,jimbolee.eth
136,17357095,0x242323b7b21b098fe8b323f5fae381bd418249b2,0.1,0x3a2d77829ad5139dbdd15f27d65c99171de9f0dd2eada018365988c4c59b682d,zenom.eth
147,17361492,0x9cc3cf646b95feb6465c876e253dfeae624622e2,0.12,0x03c11e7c0fc8aaf14d914e880a1af819043e441360d7beea3956491877bd8fdf,l0ading.eth
145,17360874,0xa1de32e0f227479fafcd634ea243c30136759ea7,0.025,0x6409bcb1798a3307ad4b7855a5bbbde420d8a513270e0f2c3567e56242f283bb,jeremy4346.eth
149,17362613,0x999adbc3a112d145e09ea1616888b025292b3d74,0.05,0xc7f1fcf2d80c4f24459e36535d44cb5c51afdf62d72e6f4abbcee337acdb415b,•-•-•.eth
151,17362739,0xa65a818ac862b3dcdf84a071ab436deb6ec9f647,0.03,0x2a4424a0888703718e86ca3022cdc328e37bc8f562a5237d9f71e857b0bb7806,bingbinx808.eth
155,17363252,0x1b0b1d94b99900863b3903dfab907594f666cd71,0.05266650516,0x9324ced9421584a6dc7e8840772b9ece2a9d0b1161308abe3059eda3f6dd950d,cliffordnft.eth
152,17362761,0x6f6a4fe5b944424c115dab4302aaf26f0c7db83f,0.04,0xae8f12bf14a022ee2d5a8df175e669113f2891bfb13097fe593385a27eaa3cc9,gasistoodamnhigh.eth
158,17363566,0xb0af6e2da9ec919942e17a99d3fb382da1fd1a23,0.1,0x5e868cc69671e11daa2262efd2986550906e4be0180fc81a05be44f3202d95da,mowglitradelimited.eth
169,17365108,0x242323b7b21b098fe8b323f5fae381bd418249b2,0.1,0xcea79c415e26e611a0710ae02e37468e4469f2cc3aca7fd6907dbb3688b07f17,zenom.eth
168,17365106,0x97156c78f246db6359ab9c0980245c57b931ff4a,0.051,0x9fa2a007233f336a150274f57135a30865adc096d41da66a9cb1ebcf9f5463b1,gsharp.eth
172,17365968,0x55dc2a116bfe1b3eb345203460db08b6bb65d34f,0.34,0xfa7b6bb3039f6cb5680c3428e1b8a017ec40643ecc9b9bc01514d1e509aaba57,riverrun.eth
